{
    "25": {
        "tmae": 0.02454111050306534,
        "mae": 0.0021716440096497536,
        "vmae": 0.06218181550502777
    }
}