{
    "25": {
        "tmae": 0.08118045476536043,
        "mae": 0.013777460902929306,
        "vmae": 0.05549774318933487
    },
    "30": {
        "tmae": 0.057581967213114746,
        "mae": 0.012874270789325237,
        "vmae": 0.01074318028986454
    },
    "31": {
        "tmae": 0.05913934426229508,
        "mae": 0.019792350009083748,
        "vmae": 0.019399872049689293
    },
    "32": {
        "tmae": 0.05737704918032786,
        "mae": 0.02282782644033432,
        "vmae": 0.01258879154920578
    },
    "33": {
        "tmae": 0.05943304007820137,
        "mae": 0.01767674647271633,
        "vmae": 0.014345332980155945
    },
    "34": {
        "tmae": 0.06209016393442623,
        "mae": 0.024491839110851288,
        "vmae": 0.019425036385655403
    },
    "35": {
        "tmae": 0.05741803278688524,
        "mae": 0.021253405138850212,
        "vmae": 0.014647506177425385
    },
    "37": {
        "tmae": 0.059959016393442616,
        "mae": 0.01865076832473278,
        "vmae": 0.051264725625514984
    },
    "38": {
        "tmae": 0.08699049001176597,
        "mae": 0.01739993318915367,
        "vmae": 0.055481355637311935
    },
    "40": {
        "tmae": 0.059016393442622946,
        "mae": 0.021223323419690132,
        "vmae": 0.016048001125454903
    }
}